product_id,sku,category,marketplace,price,cost,rating,launch_date
MCH-P-000001,SKU-A385151E,audio_headphones,meesho,17722.91,14187.35,2.7,2024-09-19
MCH-P-000002,SKU-C7C87603,bedding_linen,purplle,7812.27,5987.32,2.8,2024-11-07
MCH-P-000003,SKU-145EA0A3,sports_fitness,purplle,14957.13,12330.18,4.6,2025-06-28
MCH-P-000004,SKU-97670A5D,home_decor,croma,6734.14,3902.66,2.7,2026-05-05
MCH-P-000005,SKU-F8A6E004,books_media,indiamart,1931.46,1478.21,4.9,2024-08-03
MCH-P-000006,SKU-5D14A833,winterwear,snapdeal,8091.42,6250.09,3.7,2024-10-01
MCH-P-000007,SKU-F0B2AA1D,makeup_cosmetics,walmart_marketplace,700.88,518.0,4.9,2026-06-16
MCH-P-000008,SKU-480205A2,garden_outdoor,pepperfry,4987.83,3140.64,3.0,2026-05-19
MCH-P-000009,SKU-43E007D7,skincare,reliance_digital,2430.43,1408.24,3.6,2026-04-02
MCH-P-000010,SKU-ED0FBB46,kitchenware_dining,nykaa,8343.35,6216.57,4.6,2026-05-01
MCH-P-000011,SKU-017A5E71,watches_eyewear,tata_cliq,19557.06,11752.13,2.8,2024-08-23
MCH-P-000012,SKU-A75D18AF,bedding_linen,purplle,1838.49,923.98,4.2,2024-08-30
MCH-P-000013,SKU-044CAE81,skincare,urban_ladder,3925.35,2593.17,2.8,2024-11-18
MCH-P-000014,SKU-2E691B2A,personal_care,pepperfry,329.71,241.99,3.9,2025-01-01
MCH-P-000015,SKU-BC346C60,audio_headphones,meesho,25497.95,17689.27,3.3,2024-09-27
MCH-P-000016,SKU-56F417AF,personal_care,snapdeal,124.53,81.3,3.5,2024-03-22
MCH-P-000017,SKU-6B5AF7E9,industrial_scientific,etsy,23623.0,12293.55,3.2,2024-07-12
MCH-P-000018,SKU-A9BA09C6,ethnic_wear,purplle,16716.62,11617.4,4.2,2025-05-11
MCH-P-000019,SKU-DBE6E3D4,jewellery,shopsy,81439.05,45478.87,2.7,2025-08-05
MCH-P-000020,SKU-AEB9D567,mobiles_tablets,ajio,109186.55,72244.05,3.8,2024-11-08
MCH-P-000021,SKU-B90052D6,automotive_accessories,ajio,17453.26,11452.04,3.3,2026-03-14
MCH-P-000022,SKU-996071B7,bags_luggage,meesho,12716.2,7968.41,2.8,2024-04-11
MCH-P-000023,SKU-1DBB2E06,innerwear_sleepwear,pepperfry,2285.07,1702.14,4.9,2024-04-09
MCH-P-000024,SKU-BC21B39C,kids_apparel,pepperfry,3159.03,2372.15,3.2,2024-09-06
MCH-P-000025,SKU-E01B6D50,audio_headphones,1mg,36133.22,23830.64,3.3,2026-05-02
MCH-P-000026,SKU-9B847234,mens_apparel,etsy,4759.57,2674.26,4.4,2025-06-17
MCH-P-000027,SKU-A2C2C515,makeup_cosmetics,myntra,1784.59,1284.12,4.1,2024-11-06
MCH-P-000028,SKU-D3A27C23,health_wellness,flipkart,597.31,385.58,3.7,2024-09-08
MCH-P-000029,SKU-E3BD8B09,computer_accessories,ajio,2338.1,1253.67,2.9,2025-10-11
MCH-P-000030,SKU-B4BBEFB1,health_wellness,shopsy,5558.13,3909.43,4.0,2025-07-01
MCH-P-000031,SKU-9694E514,ethnic_wear,pepperfry,23984.66,16041.09,2.7,2026-07-05
MCH-P-000032,SKU-D23E58A3,toys_games,own_shopify_store,3969.75,2666.67,3.9,2025-07-06
MCH-P-000033,SKU-7CC5BE5B,fragrances,croma,2281.68,1405.63,3.6,2025-06-08
MCH-P-000034,SKU-7F195B2E,haircare,walmart_marketplace,161.7,127.61,2.9,2026-07-16
MCH-P-000035,SKU-C35AF263,footwear,myntra,1658.59,1219.53,4.1,2025-03-29
MCH-P-000036,SKU-B11759CF,ethnic_wear,meesho,18311.1,14081.72,4.8,2025-10-19
MCH-P-000037,SKU-348253E3,industrial_scientific,croma,4029.07,2796.97,4.6,2026-01-05
MCH-P-000038,SKU-4F8428F1,winterwear,own_shopify_store,7369.95,4503.03,3.2,2026-01-29
MCH-P-000039,SKU-DDD1FD1C,furniture,ajio,21220.5,17562.41,2.6,2025-05-02
MCH-P-000040,SKU-106F4F53,small_kitchen_appliances,walmart_marketplace,11159.31,9455.63,4.4,2026-03-15
MCH-P-000041,SKU-76F4501B,sports_fitness,pepperfry,35759.07,24373.4,4.4,2024-06-10
MCH-P-000042,SKU-8F536472,footwear,meesho,8074.93,5093.51,4.4,2024-06-13
MCH-P-000043,SKU-66CFB61E,bags_luggage,amazon,18755.16,10959.38,4.6,2025-12-08
MCH-P-000044,SKU-3086A4CA,wearables_smartwatch,paytm_mall,10042.93,5651.6,4.7,2025-09-08
MCH-P-000045,SKU-20CAFB80,laptops_computers,nykaa,87926.06,67886.98,3.8,2026-02-04
MCH-P-000046,SKU-638DCB51,groceries_gourmet,tata_cliq,473.64,239.13,2.8,2026-02-23
MCH-P-000047,SKU-6CCEF58A,mobiles_tablets,own_shopify_store,20908.5,14159.56,4.0,2024-12-12
MCH-P-000048,SKU-2CCFAEA5,bedding_linen,1mg,1837.47,1435.88,4.3,2026-07-03
MCH-P-000049,SKU-EC96527A,sports_fitness,meesho,5124.53,4225.93,3.3,2026-04-01
MCH-P-000050,SKU-10705F05,bags_luggage,own_shopify_store,9924.59,7264.82,3.2,2025-10-25
MCH-P-000051,SKU-29AF51B0,groceries_gourmet,ajio,122.36,84.96,2.8,2024-05-11
MCH-P-000052,SKU-E2909D6E,home_decor,woocommerce_store,2233.18,1444.18,4.0,2026-07-19
MCH-P-000053,SKU-DF6D096D,computer_accessories,shopclues,12104.35,8032.25,2.5,2024-05-04
MCH-P-000054,SKU-65E6F09D,toys_games,purplle,1005.89,794.95,3.1,2025-12-19
MCH-P-000055,SKU-1B0B0659,innerwear_sleepwear,netmeds,1573.74,1264.83,3.5,2025-04-19
MCH-P-000056,SKU-60C7ED53,furniture,shopclues,30559.91,19835.18,4.7,2026-04-17
MCH-P-000057,SKU-5A0390C5,kids_apparel,woocommerce_store,1141.04,665.03,4.5,2025-06-25
MCH-P-000058,SKU-1FB52A27,garden_outdoor,paytm_mall,1712.48,896.13,2.9,2025-06-06
MCH-P-000059,SKU-B474D852,computer_accessories,walmart_marketplace,4792.26,2637.45,2.9,2024-08-06
MCH-P-000060,SKU-2DD2121F,musical_instruments,myntra,17440.13,9657.73,2.6,2025-06-23
MCH-P-000061,SKU-AB2C9338,home_improvement_tools,firstcry,3574.54,1854.06,4.2,2026-06-06
MCH-P-000062,SKU-F70996AC,health_wellness,urban_ladder,2421.81,1480.44,4.7,2024-03-20
MCH-P-000063,SKU-FF6B5CA5,toys_games,walmart_marketplace,490.32,276.31,3.1,2024-07-14
MCH-P-000064,SKU-5F060FC5,womens_apparel,flipkart,5840.53,3771.18,3.4,2025-11-21
MCH-P-000065,SKU-C3E260B3,automotive_accessories,meesho,2675.65,2118.34,4.8,2025-04-25
MCH-P-000066,SKU-A46FCC0B,cameras_accessories,walmart_marketplace,20722.61,16479.68,4.9,2024-08-27
MCH-P-000067,SKU-78214C91,footwear,paytm_mall,9441.72,6844.01,2.8,2024-08-26
MCH-P-000068,SKU-A9CFF15A,toys_games,etsy,4357.67,2963.12,3.7,2024-04-04
MCH-P-000069,SKU-2C02E9CF,toys_games,flipkart,5170.21,3067.29,3.7,2025-08-23
MCH-P-000070,SKU-CDE4C61F,large_appliances,shopsy,54691.61,31797.67,3.4,2025-10-03
MCH-P-000071,SKU-BA97B472,garden_outdoor,tata_cliq,5784.42,4280.53,4.9,2025-10-13
MCH-P-000072,SKU-7B8BD310,ethnic_wear,nykaa,22950.44,15338.21,3.8,2024-09-22
MCH-P-000073,SKU-23C30D0F,groceries_gourmet,croma,1974.79,1543.37,4.1,2024-07-16
MCH-P-000074,SKU-A66F392B,fragrances,snapdeal,2446.9,1852.82,4.2,2026-06-24
MCH-P-000075,SKU-F890B519,haircare,shopclues,482.23,344.81,4.3,2024-07-06
MCH-P-000076,SKU-E3956E6B,audio_headphones,myntra,3653.47,3023.53,4.9,2024-11-02
MCH-P-000077,SKU-1EC0BE48,small_kitchen_appliances,woocommerce_store,15044.8,11643.45,4.9,2024-08-27
MCH-P-000078,SKU-1D176374,toys_games,meesho,2138.31,1510.77,4.0,2026-06-11
MCH-P-000079,SKU-3A0D60D7,small_kitchen_appliances,pepperfry,14340.85,10043.62,3.8,2026-02-25
MCH-P-000080,SKU-70454869,skincare,urban_ladder,3842.99,2996.52,4.0,2025-04-30
MCH-P-000081,SKU-BEDBF01F,large_appliances,1mg,21410.16,11582.6,4.1,2024-05-05
MCH-P-000082,SKU-3DC2906B,audio_headphones,indiamart,16918.17,13044.12,3.3,2026-01-24
MCH-P-000083,SKU-94BEB2ED,garden_outdoor,purplle,11473.36,6823.06,3.3,2024-06-03
MCH-P-000084,SKU-4A074E00,winterwear,own_shopify_store,1838.86,1014.54,3.6,2026-05-10
MCH-P-000085,SKU-19A63FEF,garden_outdoor,own_shopify_store,10985.56,7619.01,4.5,2025-08-25
MCH-P-000086,SKU-BB146B71,automotive_accessories,woocommerce_store,12061.81,7619.76,4.3,2025-01-03
MCH-P-000087,SKU-7E20CD7A,sports_fitness,etsy,4914.57,3920.29,2.8,2024-04-18
MCH-P-000088,SKU-02F6FE9C,home_decor,amazon,8885.22,6576.25,3.6,2025-04-07
MCH-P-000089,SKU-F31A3EF2,home_improvement_tools,nykaa,5976.94,3947.72,3.3,2024-08-05
MCH-P-000090,SKU-6D354E94,watches_eyewear,meesho,45946.48,35537.44,5.0,2025-04-06
MCH-P-000091,SKU-63FCC4CC,laptops_computers,flipkart,81718.48,64795.71,5.0,2024-06-20
MCH-P-000092,SKU-275A09AB,wearables_smartwatch,meesho,40275.07,29301.88,4.7,2025-01-28
MCH-P-000093,SKU-C171428A,books_media,etsy,797.64,438.75,3.0,2026-06-29
MCH-P-000094,SKU-63BAFC9B,toys_games,amazon,7298.42,5325.61,2.5,2024-05-24
MCH-P-000095,SKU-B8C93368,small_kitchen_appliances,woocommerce_store,15344.77,11976.88,4.6,2026-06-10
MCH-P-000096,SKU-4E43E517,womens_apparel,own_shopify_store,854.21,666.57,4.4,2024-04-03
MCH-P-000097,SKU-8879204B,sports_fitness,pepperfry,33551.45,17247.22,2.8,2024-11-24
MCH-P-000098,SKU-CE4470B2,mens_apparel,shopclues,4184.39,3183.55,4.6,2025-04-04
MCH-P-000099,SKU-776E8211,watches_eyewear,amazon,36810.4,20892.28,4.3,2026-03-11
MCH-P-000100,SKU-DFF4DE53,kids_apparel,flipkart,3924.76,2802.44,4.0,2025-05-07
MCH-P-000101,SKU-E8E55229,mobiles_tablets,firstcry,132969.3,99507.89,2.7,2026-06-18
MCH-P-000102,SKU-73C7F91E,small_kitchen_appliances,pepperfry,4995.75,4211.46,4.5,2025-02-24
MCH-P-000103,SKU-7567F6B5,kids_apparel,tata_cliq,2374.74,1308.0,3.3,2025-01-17
MCH-P-000104,SKU-6A585D9C,automotive_accessories,shopclues,14513.31,10811.28,4.9,2025-12-12
MCH-P-000105,SKU-3F0D7DDA,small_kitchen_appliances,walmart_marketplace,12954.15,8308.95,2.8,2026-03-17
MCH-P-000106,SKU-CFACD64F,skincare,nykaa,756.2,451.7,3.6,2026-05-04
MCH-P-000107,SKU-E39FF00D,toys_games,ajio,5131.47,3305.35,3.0,2025-02-08
MCH-P-000108,SKU-1DECBDA1,jewellery,amazon,58912.55,35993.47,3.5,2024-05-15
MCH-P-000109,SKU-FB244158,makeup_cosmetics,shopsy,979.04,685.68,4.3,2025-06-07
MCH-P-000110,SKU-EBD392DD,personal_care,nykaa,1637.12,1192.4,4.5,2025-02-03
MCH-P-000111,SKU-CD88ED57,innerwear_sleepwear,croma,1163.26,836.51,3.8,2025-04-03
MCH-P-000112,SKU-B3B79968,winterwear,walmart_marketplace,6761.74,5478.64,3.8,2026-04-04
MCH-P-000113,SKU-E56DD809,garden_outdoor,croma,12027.88,7337.7,3.7,2025-04-28
MCH-P-000114,SKU-131A8E9C,sports_fitness,ebay,4810.21,2526.42,2.6,2024-06-29
MCH-P-000115,SKU-ABC8A864,audio_headphones,1mg,13564.3,7603.44,4.4,2025-11-22
MCH-P-000116,SKU-DBBC513D,footwear,etsy,569.34,449.5,3.4,2024-11-17
MCH-P-000117,SKU-67384667,home_improvement_tools,urban_ladder,12056.32,6533.14,4.9,2026-03-13
MCH-P-000118,SKU-081192CD,winterwear,nykaa,8961.44,6902.43,4.2,2025-07-20
MCH-P-000119,SKU-C8265A39,large_appliances,shopsy,51438.27,37257.31,3.0,2024-11-18
MCH-P-000120,SKU-1F13DAA7,mobiles_tablets,ajio,80187.51,44689.54,4.6,2024-11-12
MCH-P-000121,SKU-4104F50A,musical_instruments,purplle,33579.74,26651.38,2.9,2024-03-16
MCH-P-000122,SKU-28B19F4E,industrial_scientific,meesho,44989.54,28676.35,4.4,2025-10-12
MCH-P-000123,SKU-18B41A43,laptops_computers,nykaa,125291.83,69253.25,4.8,2025-07-12
MCH-P-000124,SKU-A0117DD7,computer_accessories,jiomart,859.85,500.0,3.7,2026-02-07
MCH-P-000125,SKU-62FE7B23,industrial_scientific,jiomart,49480.5,26196.97,4.6,2025-03-01
MCH-P-000126,SKU-A719A9BF,womens_apparel,indiamart,6484.25,4715.36,4.4,2025-08-05
MCH-P-000127,SKU-C741EFB2,furniture,etsy,29961.43,20638.47,4.6,2026-06-04
MCH-P-000128,SKU-67E7974C,innerwear_sleepwear,etsy,1283.53,987.06,3.8,2024-12-02
MCH-P-000129,SKU-41F9ADF4,watches_eyewear,limeroad,29479.65,23512.85,3.7,2024-05-24
MCH-P-000130,SKU-B6E21D8B,innerwear_sleepwear,limeroad,1398.35,750.55,4.8,2026-07-05
MCH-P-000131,SKU-D96CBD1A,home_decor,nykaa,2785.15,1722.89,2.6,2025-01-22
MCH-P-000132,SKU-AFE29FDF,computer_accessories,nykaa,13926.34,9147.83,4.0,2025-07-24
MCH-P-000133,SKU-8E2B6FA1,personal_care,croma,730.43,544.95,5.0,2026-07-18
MCH-P-000134,SKU-476B5E49,home_decor,netmeds,9361.93,6245.6,4.8,2024-03-20
MCH-P-000135,SKU-922D5EE0,haircare,pepperfry,2893.28,2238.54,2.8,2024-11-04
MCH-P-000136,SKU-6CD7E3B1,books_media,croma,2223.73,1454.39,4.1,2025-01-05
MCH-P-000137,SKU-203031E9,jewellery,ebay,98460.88,59163.16,4.4,2024-04-02
MCH-P-000138,SKU-0B2CB87A,garden_outdoor,flipkart,5294.77,2876.94,4.4,2025-11-07
MCH-P-000139,SKU-F5932FC5,groceries_gourmet,nykaa,2957.33,1959.94,3.5,2025-05-24
MCH-P-000140,SKU-A07E646D,industrial_scientific,croma,79429.9,42072.97,4.5,2026-01-12
MCH-P-000141,SKU-0FCE3FF8,kids_apparel,flipkart,3325.64,1705.85,2.6,2024-05-11
MCH-P-000142,SKU-27ABDFA7,winterwear,1mg,1428.01,1051.53,4.4,2024-09-29
MCH-P-000143,SKU-424FE491,mobiles_tablets,limeroad,111696.17,87157.09,3.1,2024-07-02
MCH-P-000144,SKU-F463A9B4,laptops_computers,amazon,161145.98,128972.2,3.8,2025-07-03
MCH-P-000145,SKU-72D7FD52,kids_apparel,indiamart,311.54,199.53,4.2,2024-12-12
MCH-P-000146,SKU-9A67AF33,stationery_office,shopsy,1225.65,978.65,4.6,2025-04-24
MCH-P-000147,SKU-182A3AEF,musical_instruments,myntra,35623.65,22760.98,4.7,2025-11-06
MCH-P-000148,SKU-F00050B8,kids_apparel,shopsy,912.04,483.09,4.3,2024-12-14
MCH-P-000149,SKU-F7572D13,jewellery,netmeds,99874.59,60296.96,2.8,2024-08-21
MCH-P-000150,SKU-6C341B90,jewellery,indiamart,57571.79,48887.26,4.0,2024-07-10
MCH-P-000151,SKU-366428F2,cameras_accessories,shopsy,183144.37,123424.8,3.4,2025-08-17
MCH-P-000152,SKU-E452AA2B,large_appliances,amazon,15522.67,8858.67,3.6,2025-03-29
MCH-P-000153,SKU-57CA2007,groceries_gourmet,etsy,1062.06,687.29,4.4,2025-01-18
MCH-P-000154,SKU-00312FE2,groceries_gourmet,walmart_marketplace,1645.07,986.37,3.1,2025-09-26
MCH-P-000155,SKU-F91E02F2,personal_care,woocommerce_store,2277.12,1560.6,4.0,2025-10-14
MCH-P-000156,SKU-48DBEA2F,garden_outdoor,tata_cliq,9853.23,5959.08,3.3,2024-07-11
MCH-P-000157,SKU-6972426D,computer_accessories,flipkart,13139.73,7872.49,4.5,2026-03-11
MCH-P-000158,SKU-76722373,personal_care,pepperfry,1970.15,1287.37,5.0,2024-07-05
MCH-P-000159,SKU-93712F38,health_wellness,jiomart,4906.18,4002.92,3.0,2024-12-15
MCH-P-000160,SKU-79F9AF70,toys_games,shopclues,4562.6,2444.02,4.9,2025-07-18
MCH-P-000161,SKU-3BDBF1F8,toys_games,own_shopify_store,3548.27,1818.65,2.8,2025-05-04
MCH-P-000162,SKU-48846373,groceries_gourmet,flipkart,170.22,99.77,3.6,2025-03-14
MCH-P-000163,SKU-9F5CBEA3,kids_apparel,etsy,1387.08,718.28,3.5,2025-05-02
MCH-P-000164,SKU-3780A36E,wearables_smartwatch,snapdeal,4570.24,3401.93,3.3,2025-06-29
MCH-P-000165,SKU-C2414F52,makeup_cosmetics,jiomart,1724.19,863.1,4.7,2025-08-16
MCH-P-000166,SKU-7E662D0A,wearables_smartwatch,urban_ladder,1071.75,726.49,3.3,2025-11-27
MCH-P-000167,SKU-13C915BC,jewellery,croma,78101.78,62045.72,3.3,2025-07-14
MCH-P-000168,SKU-94218BA6,kids_apparel,indiamart,1120.68,748.56,3.1,2024-07-03
MCH-P-000169,SKU-EF847A22,garden_outdoor,urban_ladder,13966.14,7220.48,4.3,2025-10-10
MCH-P-000170,SKU-06F0E198,skincare,myntra,836.38,432.06,4.8,2025-10-20
MCH-P-000171,SKU-F424A099,audio_headphones,ajio,7775.57,3972.92,4.1,2026-07-16
MCH-P-000172,SKU-ABDD2B97,wearables_smartwatch,reliance_digital,15255.94,10667.32,4.6,2026-01-05
MCH-P-000173,SKU-44DA669A,makeup_cosmetics,pepperfry,3427.99,2456.81,4.4,2026-07-20
MCH-P-000174,SKU-4145FE6D,small_kitchen_appliances,walmart_marketplace,21459.4,12639.42,3.6,2025-12-20
MCH-P-000175,SKU-B071C15D,groceries_gourmet,1mg,2954.7,1851.23,3.3,2025-02-15
MCH-P-000176,SKU-E9BB863E,pet_supplies,snapdeal,4815.16,3420.0,3.5,2025-11-09
MCH-P-000177,SKU-AE29B60E,home_decor,1mg,1308.99,668.16,2.5,2025-10-21
MCH-P-000178,SKU-7399C6DD,innerwear_sleepwear,1mg,538.06,405.6,4.3,2024-07-19
MCH-P-000179,SKU-C6A66F5E,sports_fitness,tata_cliq,35622.66,25215.17,2.9,2025-10-22
MCH-P-000180,SKU-E79F783D,large_appliances,urban_ladder,85626.69,47996.36,5.0,2024-09-01
MCH-P-000181,SKU-FBA2CF69,kids_apparel,reliance_digital,262.02,222.08,2.8,2026-07-21
MCH-P-000182,SKU-3B0FF04E,health_wellness,croma,5393.98,4359.05,4.1,2025-07-28
MCH-P-000183,SKU-F725373F,computer_accessories,myntra,946.74,670.39,4.2,2025-11-29
MCH-P-000184,SKU-7EE5387E,ethnic_wear,paytm_mall,20987.84,10627.32,3.1,2026-06-09
MCH-P-000185,SKU-772299FA,sports_fitness,snapdeal,10295.1,7348.33,3.5,2024-06-24
MCH-P-000186,SKU-02383D12,personal_care,reliance_digital,1709.85,1289.26,4.4,2024-09-29
MCH-P-000187,SKU-5216AA4B,home_improvement_tools,own_shopify_store,8442.94,5742.08,4.5,2024-03-21
MCH-P-000188,SKU-3D7D60A0,mobiles_tablets,meesho,79473.34,51084.39,4.7,2024-04-28
MCH-P-000189,SKU-04BE7183,kitchenware_dining,shopsy,6857.24,3787.12,2.9,2025-08-15
MCH-P-000190,SKU-8C13FCFA,groceries_gourmet,walmart_marketplace,637.85,510.69,3.0,2024-03-21
MCH-P-000191,SKU-0E6CCF6B,innerwear_sleepwear,shopclues,1873.45,1512.68,3.8,2025-06-11
MCH-P-000192,SKU-1FE49922,bags_luggage,purplle,14911.56,11271.61,3.9,2025-04-16
MCH-P-000193,SKU-9063DB0A,watches_eyewear,etsy,45227.38,36315.34,2.7,2026-04-24
MCH-P-000194,SKU-55C6D74A,toys_games,amazon,1753.72,1333.28,4.9,2025-06-23
MCH-P-000195,SKU-C7134893,industrial_scientific,paytm_mall,72015.18,58379.1,3.3,2025-08-30
MCH-P-000196,SKU-67DB00F9,bags_luggage,firstcry,12291.81,8645.4,4.0,2025-08-24
MCH-P-000197,SKU-EFBC62EC,health_wellness,shopsy,2858.55,1626.11,3.5,2024-05-02
MCH-P-000198,SKU-0FD9FBF4,bags_luggage,indiamart,2881.97,1605.27,3.3,2025-10-30
MCH-P-000199,SKU-15D2D3CD,mobiles_tablets,pepperfry,38807.97,20747.66,4.7,2024-04-15
MCH-P-000200,SKU-3190C48A,baby_products,snapdeal,3408.83,1945.52,3.8,2024-03-28
MCH-P-000201,SKU-C5D62CB9,cameras_accessories,amazon,52627.79,27145.97,4.9,2025-06-12
MCH-P-000202,SKU-7588DEF5,makeup_cosmetics,meesho,2644.48,1780.87,3.1,2024-06-16
MCH-P-000203,SKU-BCDB7961,large_appliances,netmeds,93658.0,75567.84,5.0,2025-11-10
MCH-P-000204,SKU-377B8267,musical_instruments,flipkart,58950.8,49138.42,2.8,2025-02-27
MCH-P-000205,SKU-DC993F55,automotive_accessories,ebay,13889.07,7415.96,4.0,2025-11-02
MCH-P-000206,SKU-B58FFCDC,sports_fitness,tata_cliq,21785.65,12153.32,2.9,2026-05-14
MCH-P-000207,SKU-04D91050,wearables_smartwatch,1mg,35469.03,26860.53,3.4,2024-07-13
MCH-P-000208,SKU-49377C8F,ethnic_wear,netmeds,10418.35,7980.51,3.0,2026-06-28
MCH-P-000209,SKU-5BC3DD8A,furniture,1mg,10530.89,8568.38,3.2,2024-04-26
MCH-P-000210,SKU-B04984C8,wearables_smartwatch,firstcry,50942.08,28671.33,3.6,2025-01-04
MCH-P-000211,SKU-6C8805DB,computer_accessories,reliance_digital,10711.34,8547.3,3.3,2025-12-23
MCH-P-000212,SKU-07427687,books_media,tata_cliq,1639.0,962.0,2.9,2025-10-08
MCH-P-000213,SKU-0907B825,laptops_computers,nykaa,223677.37,172695.83,3.7,2024-04-28
MCH-P-000214,SKU-9983B34F,haircare,firstcry,1635.79,1125.09,2.8,2024-08-05
MCH-P-000215,SKU-27DA5987,winterwear,ebay,8594.07,5746.95,2.9,2026-04-06
MCH-P-000216,SKU-AEA70FF6,groceries_gourmet,tata_cliq,1685.08,965.05,2.6,2026-03-03
MCH-P-000217,SKU-8C1B8B3D,bags_luggage,walmart_marketplace,18361.83,11247.29,3.7,2026-04-12
MCH-P-000218,SKU-DA3DB125,furniture,snapdeal,32635.05,22392.87,5.0,2024-12-27
MCH-P-000219,SKU-E5155067,large_appliances,ebay,91060.84,60470.39,4.8,2024-08-12
MCH-P-000220,SKU-2D603DDC,small_kitchen_appliances,shopsy,8863.32,4587.1,4.5,2024-05-05
MCH-P-000221,SKU-F045F68E,kitchenware_dining,ebay,7533.05,5859.0,4.8,2025-01-29
MCH-P-000222,SKU-B741FD53,mens_apparel,amazon,3671.96,2657.23,5.0,2024-10-07
MCH-P-000223,SKU-B2DAB830,ethnic_wear,purplle,2019.61,1333.73,2.9,2025-11-22
MCH-P-000224,SKU-DF7DEE68,large_appliances,walmart_marketplace,78815.68,50246.93,3.3,2026-03-13
MCH-P-000225,SKU-DEFCADDC,jewellery,shopclues,46217.18,33783.97,3.7,2024-10-31
MCH-P-000226,SKU-4D668482,health_wellness,ajio,5705.31,3537.01,4.2,2025-03-28
MCH-P-000227,SKU-26BF9703,industrial_scientific,jiomart,4312.34,2834.81,4.4,2024-07-18
MCH-P-000228,SKU-00D6BB95,stationery_office,shopclues,4959.44,3402.15,3.3,2024-10-09
MCH-P-000229,SKU-FE74675C,winterwear,limeroad,3613.22,2740.55,3.9,2024-04-21
MCH-P-000230,SKU-919DC91F,jewellery,walmart_marketplace,72034.02,48848.21,3.5,2024-11-01
MCH-P-000231,SKU-B0390BD1,computer_accessories,pepperfry,5266.31,3385.47,2.8,2025-01-08
MCH-P-000232,SKU-B750962C,watches_eyewear,shopclues,4857.76,3563.76,4.2,2026-04-01
MCH-P-000233,SKU-C7278EDB,footwear,ajio,4187.27,2383.53,4.7,2026-07-07
MCH-P-000234,SKU-8F9F6104,toys_games,myntra,2085.69,1530.37,3.2,2026-02-25
MCH-P-000235,SKU-31FC2AE2,baby_products,walmart_marketplace,3473.18,2556.81,3.0,2026-03-26
MCH-P-000236,SKU-7B1648AF,musical_instruments,own_shopify_store,32753.24,24417.11,4.0,2024-09-23
MCH-P-000237,SKU-B616FCAA,garden_outdoor,1mg,9437.98,5777.67,3.5,2025-12-15
MCH-P-000238,SKU-7B8BB115,industrial_scientific,limeroad,68636.83,34876.41,4.7,2025-04-11
MCH-P-000239,SKU-953CE6D8,groceries_gourmet,ebay,1359.08,1124.74,3.3,2025-02-09
MCH-P-000240,SKU-3E72C075,books_media,shopclues,1678.73,1127.16,3.3,2025-07-04
MCH-P-000241,SKU-87AA375C,pet_supplies,nykaa,5484.68,4515.84,4.9,2025-12-24
MCH-P-000242,SKU-544BA56C,sports_fitness,netmeds,29850.41,22914.18,3.7,2026-01-03
MCH-P-000243,SKU-16952AE7,home_decor,shopclues,3716.6,2697.09,3.1,2025-06-22
MCH-P-000244,SKU-46A0FC3F,ethnic_wear,snapdeal,14855.64,9559.51,4.5,2025-11-17
MCH-P-000245,SKU-68E194A3,ethnic_wear,flipkart,4607.81,2316.01,4.5,2024-07-06
MCH-P-000246,SKU-724467F0,innerwear_sleepwear,netmeds,2121.9,1163.68,2.8,2024-11-23
MCH-P-000247,SKU-65A40922,wearables_smartwatch,own_shopify_store,59917.96,33997.86,3.6,2025-08-19
MCH-P-000248,SKU-8758D07C,small_kitchen_appliances,woocommerce_store,15681.5,12961.0,2.7,2025-11-15
MCH-P-000249,SKU-3289EFFA,automotive_accessories,pepperfry,19799.63,11775.26,4.2,2026-03-26
MCH-P-000250,SKU-F5D78153,stationery_office,ajio,602.74,477.0,3.6,2025-03-11
MCH-P-000251,SKU-4677830E,haircare,purplle,1551.72,1148.52,5.0,2025-03-31
MCH-P-000252,SKU-FE35E42A,kitchenware_dining,meesho,9994.28,6803.71,4.3,2026-04-23
MCH-P-000253,SKU-DFEB08F8,wearables_smartwatch,ajio,19780.58,13083.33,2.6,2024-03-27
MCH-P-000254,SKU-8D5D8C99,jewellery,purplle,67291.66,41967.67,4.6,2025-10-16
MCH-P-000255,SKU-7254D278,musical_instruments,tata_cliq,25291.04,15491.8,4.5,2024-08-09
MCH-P-000256,SKU-1ED8C7AC,garden_outdoor,myntra,7444.66,6049.24,4.7,2025-12-04
MCH-P-000257,SKU-5CDB3333,musical_instruments,jiomart,9633.92,6617.0,2.6,2026-05-02
MCH-P-000258,SKU-10906FB4,cameras_accessories,netmeds,1102.23,719.44,2.6,2024-07-14
MCH-P-000259,SKU-9A9C731E,innerwear_sleepwear,amazon,2084.17,1164.63,4.7,2025-01-03
MCH-P-000260,SKU-D1F97843,large_appliances,ebay,100189.96,68993.77,2.7,2025-06-24
MCH-P-000261,SKU-0FAF742E,jewellery,nykaa,73831.93,43568.83,3.8,2025-08-15
MCH-P-000262,SKU-3172BB88,baby_products,shopsy,9027.92,5982.24,3.0,2025-10-29
MCH-P-000263,SKU-BFDB8CBC,home_decor,netmeds,11309.39,6125.38,2.9,2026-01-24
MCH-P-000264,SKU-1181FD42,audio_headphones,limeroad,7260.43,5721.86,5.0,2026-06-01
MCH-P-000265,SKU-92B47B9F,books_media,walmart_marketplace,1994.92,1310.77,4.7,2026-03-27
MCH-P-000266,SKU-E5F67184,bags_luggage,snapdeal,19519.21,15722.74,3.1,2025-06-24
MCH-P-000267,SKU-386EE5FB,skincare,amazon,1515.8,1147.69,3.9,2024-12-31
MCH-P-000268,SKU-521D8DCE,personal_care,amazon,2079.77,1557.1,2.6,2025-06-16
MCH-P-000269,SKU-BEFCE951,automotive_accessories,jiomart,12231.36,7229.52,4.4,2025-02-16
MCH-P-000270,SKU-84DE04DC,jewellery,limeroad,82695.65,57591.57,3.2,2026-03-09
MCH-P-000271,SKU-99DF8D01,large_appliances,shopclues,43251.96,30165.36,2.7,2025-04-26
MCH-P-000272,SKU-BA1A50B2,bedding_linen,walmart_marketplace,307.22,176.44,4.1,2025-02-19
MCH-P-000273,SKU-10BB0EDC,toys_games,ebay,7138.46,4743.4,4.8,2026-02-25
MCH-P-000274,SKU-DC362850,makeup_cosmetics,reliance_digital,331.06,190.46,3.0,2025-06-07
MCH-P-000275,SKU-4183D58E,footwear,firstcry,2882.68,1541.38,3.6,2024-12-10
MCH-P-000276,SKU-959A189E,mens_apparel,etsy,1655.44,905.76,3.3,2025-01-04
MCH-P-000277,SKU-790F9D88,innerwear_sleepwear,shopsy,278.94,174.36,4.0,2025-09-14
MCH-P-000278,SKU-7C55F8AD,kids_apparel,own_shopify_store,979.69,794.46,2.7,2026-06-26
MCH-P-000279,SKU-93B9BD04,baby_products,limeroad,1471.5,1054.84,4.6,2026-04-22
MCH-P-000280,SKU-C05C2798,wearables_smartwatch,croma,45501.77,35806.85,5.0,2024-11-29
MCH-P-000281,SKU-4C082C6E,watches_eyewear,pepperfry,20242.27,12416.16,3.9,2026-06-16
MCH-P-000282,SKU-348DA5A6,automotive_accessories,woocommerce_store,20183.65,11295.16,3.7,2024-08-26
MCH-P-000283,SKU-2584369D,fragrances,purplle,7772.87,4922.22,4.0,2025-05-21
MCH-P-000284,SKU-076AB7B1,bags_luggage,snapdeal,2821.76,1727.99,2.8,2026-01-17
MCH-P-000285,SKU-25DAFFDD,toys_games,indiamart,4775.84,2987.46,3.6,2024-07-01
MCH-P-000286,SKU-608EE075,jewellery,own_shopify_store,63387.92,52255.05,3.5,2024-08-26
MCH-P-000287,SKU-BBE66155,baby_products,limeroad,5466.9,3820.14,4.1,2025-10-11
MCH-P-000288,SKU-13CC04E1,skincare,shopsy,2816.11,1724.16,3.4,2024-04-01
MCH-P-000289,SKU-63784FC3,fragrances,woocommerce_store,1494.45,1125.46,3.0,2026-05-03
MCH-P-000290,SKU-20B0BF44,bags_luggage,tata_cliq,11384.21,8702.53,4.6,2025-04-17
MCH-P-000291,SKU-0BE7A6A4,groceries_gourmet,woocommerce_store,1811.91,1330.18,4.9,2024-05-09
MCH-P-000292,SKU-8723BA50,cameras_accessories,reliance_digital,79103.85,65131.35,2.5,2024-05-14
MCH-P-000293,SKU-00340D0E,furniture,meesho,54752.77,38159.06,4.4,2026-06-21
MCH-P-000294,SKU-9C95772C,laptops_computers,pepperfry,215254.15,145026.65,2.5,2026-01-29
MCH-P-000295,SKU-49B3E60F,personal_care,woocommerce_store,859.59,694.18,3.9,2024-09-08
MCH-P-000296,SKU-5CA04AC3,winterwear,netmeds,2797.18,1555.81,3.7,2025-07-11
MCH-P-000297,SKU-FF10E4A9,mens_apparel,purplle,7733.67,6475.04,3.0,2025-04-14
MCH-P-000298,SKU-67BA7C93,books_media,limeroad,1822.99,1471.79,2.8,2025-03-07
MCH-P-000299,SKU-59577F0F,bags_luggage,shopclues,9790.22,6829.04,4.0,2024-08-18
MCH-P-000300,SKU-3349DF1C,industrial_scientific,firstcry,42669.87,26860.45,2.8,2026-04-04
MCH-P-000301,SKU-EC27030F,stationery_office,1mg,4196.54,2515.99,4.7,2024-09-01
MCH-P-000302,SKU-5245CC84,footwear,pepperfry,677.08,461.88,4.2,2025-05-10
MCH-P-000303,SKU-55D8C79B,health_wellness,purplle,4042.82,2554.48,2.6,2026-03-04
MCH-P-000304,SKU-8671A42D,furniture,snapdeal,37475.91,25588.09,2.8,2024-05-05
MCH-P-000305,SKU-37D921D3,personal_care,urban_ladder,892.49,476.49,3.5,2026-02-11
MCH-P-000306,SKU-1F24E340,automotive_accessories,meesho,20252.7,17033.45,4.1,2025-12-23
MCH-P-000307,SKU-72B4E51A,industrial_scientific,myntra,63532.81,41306.44,2.6,2024-06-26
MCH-P-000308,SKU-7E4AB8C7,watches_eyewear,own_shopify_store,26869.19,22778.09,2.6,2025-06-03
MCH-P-000309,SKU-E3F4749A,mens_apparel,limeroad,2622.89,2140.4,4.8,2024-11-17
MCH-P-000310,SKU-BA5E5CBE,laptops_computers,flipkart,211806.8,114614.28,4.6,2025-11-21
MCH-P-000311,SKU-D359564C,automotive_accessories,etsy,13441.75,11029.1,3.5,2026-03-11
MCH-P-000312,SKU-A7C66874,personal_care,woocommerce_store,1139.73,595.04,3.3,2026-02-25
MCH-P-000313,SKU-46BA1241,toys_games,snapdeal,2394.76,2005.68,4.7,2026-02-10
MCH-P-000314,SKU-CDEC3EBE,audio_headphones,woocommerce_store,28401.11,22451.27,4.6,2026-04-05
MCH-P-000315,SKU-59D049DE,winterwear,nykaa,1578.08,1228.58,3.9,2024-04-25
MCH-P-000316,SKU-7D78F1C0,fragrances,1mg,7211.49,6058.6,3.7,2025-07-08
MCH-P-000317,SKU-FA410C7C,skincare,snapdeal,1992.46,1248.4,2.7,2025-06-22
MCH-P-000318,SKU-9B1D29BF,bags_luggage,pepperfry,1824.57,1410.31,4.8,2024-11-01
MCH-P-000319,SKU-0C66DDAB,sports_fitness,etsy,1599.04,887.68,4.9,2025-02-07
MCH-P-000320,SKU-646EDF06,mens_apparel,own_shopify_store,1983.24,1349.62,4.9,2024-12-24
MCH-P-000321,SKU-26D673F3,laptops_computers,own_shopify_store,26542.65,14698.27,3.0,2025-12-31
MCH-P-000322,SKU-BC237B94,cameras_accessories,croma,114144.94,93525.46,4.1,2025-12-10
MCH-P-000323,SKU-91ABFBD4,toys_games,shopclues,6434.38,4608.47,4.9,2026-01-30
MCH-P-000324,SKU-6E3FACA2,books_media,tata_cliq,1108.26,589.26,3.6,2025-06-09
MCH-P-000325,SKU-1339D163,furniture,myntra,30885.85,23775.02,3.0,2024-04-23
MCH-P-000326,SKU-E41AAFA4,fragrances,indiamart,2701.05,1968.03,3.6,2026-02-23
MCH-P-000327,SKU-059D390D,pet_supplies,1mg,4358.97,2437.12,3.0,2026-01-07
MCH-P-000328,SKU-3C5C44F4,automotive_accessories,croma,2815.82,1898.36,3.8,2025-04-18
MCH-P-000329,SKU-A37650BC,automotive_accessories,urban_ladder,24871.14,16668.59,3.6,2025-07-10
MCH-P-000330,SKU-37CB3551,makeup_cosmetics,tata_cliq,359.69,254.49,4.1,2025-12-27
MCH-P-000331,SKU-3F30EE15,furniture,urban_ladder,78529.56,52155.55,3.7,2026-06-10
MCH-P-000332,SKU-77B6D7AF,stationery_office,shopclues,347.7,273.91,4.5,2024-11-05
MCH-P-000333,SKU-1D326604,musical_instruments,netmeds,38456.87,30753.2,3.4,2025-07-17
MCH-P-000334,SKU-3B1A6E6F,home_decor,own_shopify_store,9988.23,7342.84,3.4,2024-05-06
MCH-P-000335,SKU-5BAD2300,health_wellness,flipkart,4891.34,3311.52,3.6,2025-07-20
MCH-P-000336,SKU-7C5BA5A5,garden_outdoor,myntra,3349.32,2548.23,3.0,2025-09-23
MCH-P-000337,SKU-64E07209,winterwear,1mg,6851.54,5571.27,2.8,2025-01-25
MCH-P-000338,SKU-DD3DAC6F,kids_apparel,snapdeal,3832.93,2123.63,3.2,2025-11-21
MCH-P-000339,SKU-81D4122B,innerwear_sleepwear,ajio,2224.52,1704.41,2.9,2025-04-20
MCH-P-000340,SKU-6D955858,home_improvement_tools,myntra,7217.24,4817.09,3.2,2024-08-26
MCH-P-000341,SKU-E980D3BF,womens_apparel,ebay,1533.71,1062.22,2.7,2025-10-29
MCH-P-000342,SKU-2C34B0E2,home_improvement_tools,netmeds,9673.83,7485.36,4.5,2025-03-06
MCH-P-000343,SKU-B72EB0EE,mens_apparel,shopsy,6618.11,3866.72,2.9,2025-06-30
MCH-P-000344,SKU-59BBBEA8,winterwear,tata_cliq,4473.09,2850.35,4.4,2024-11-06
MCH-P-000345,SKU-7B5CA14E,small_kitchen_appliances,amazon,7182.98,3920.55,3.3,2025-10-24
MCH-P-000346,SKU-67510132,watches_eyewear,netmeds,18652.23,10866.77,4.8,2025-04-11
MCH-P-000347,SKU-CA90FC0B,winterwear,paytm_mall,5965.13,4793.04,4.0,2025-05-17
MCH-P-000348,SKU-802608CE,industrial_scientific,purplle,89010.9,72812.06,3.7,2025-05-12
MCH-P-000349,SKU-4F9AEB3F,baby_products,pepperfry,287.1,191.5,3.5,2026-05-15
MCH-P-000350,SKU-A2B95E4C,makeup_cosmetics,ebay,2315.42,1605.18,2.8,2025-01-12
MCH-P-000351,SKU-1C35E7FA,home_improvement_tools,netmeds,15880.59,12652.75,4.7,2026-01-10
MCH-P-000352,SKU-BE3B57A1,industrial_scientific,limeroad,89022.82,54305.86,3.2,2026-04-04
MCH-P-000353,SKU-21A8A3D9,pet_supplies,woocommerce_store,5638.89,3499.63,3.2,2025-02-12
MCH-P-000354,SKU-88CC826A,personal_care,flipkart,465.18,264.37,4.9,2024-10-13
MCH-P-000355,SKU-A40FA0C7,baby_products,indiamart,10025.87,7403.76,2.9,2025-08-08
MCH-P-000356,SKU-F3CEEF02,computer_accessories,walmart_marketplace,12217.24,7240.54,2.9,2024-05-14
MCH-P-000357,SKU-74EC68F6,ethnic_wear,own_shopify_store,20454.42,11911.42,4.9,2024-12-12
MCH-P-000358,SKU-7FECBC3B,ethnic_wear,firstcry,6981.91,4541.63,3.1,2024-03-19
MCH-P-000359,SKU-00FE494A,toys_games,1mg,6208.79,3926.51,3.0,2024-09-18
MCH-P-000360,SKU-837F7026,sports_fitness,woocommerce_store,370.37,259.23,2.6,2025-09-11
MCH-P-000361,SKU-9B406B6D,mens_apparel,netmeds,4295.16,3365.17,3.5,2026-01-25
MCH-P-000362,SKU-73A7857F,audio_headphones,snapdeal,29958.66,18875.16,3.0,2025-12-31
MCH-P-000363,SKU-79E1D931,personal_care,croma,1224.05,981.24,4.2,2025-08-02
MCH-P-000364,SKU-817A5A00,home_decor,limeroad,14747.34,9499.43,4.8,2025-01-03
MCH-P-000365,SKU-E87213A5,cameras_accessories,woocommerce_store,146232.96,111736.69,3.7,2025-12-23
MCH-P-000366,SKU-F57AE384,audio_headphones,pepperfry,8261.53,4666.78,3.2,2025-08-07
MCH-P-000367,SKU-6ED54116,computer_accessories,shopclues,13632.46,10646.3,3.2,2024-08-31
MCH-P-000368,SKU-29EF4F8C,kids_apparel,own_shopify_store,1167.22,638.78,3.5,2026-07-04
MCH-P-000369,SKU-4BE679E2,automotive_accessories,tata_cliq,21189.62,13555.39,2.9,2026-01-10
MCH-P-000370,SKU-6E38FAC9,laptops_computers,snapdeal,165223.83,127886.03,4.8,2026-03-07
MCH-P-000371,SKU-9B4F1E68,furniture,croma,68021.93,39431.05,4.7,2024-07-14
MCH-P-000372,SKU-1978D9DE,cameras_accessories,netmeds,61853.55,44325.54,2.8,2025-04-13
MCH-P-000373,SKU-697DC0E3,wearables_smartwatch,woocommerce_store,56372.11,42557.07,4.7,2024-09-13
MCH-P-000374,SKU-86361EDC,watches_eyewear,ebay,26514.17,20168.53,4.4,2026-06-14
MCH-P-000375,SKU-61B6BDF3,furniture,nykaa,10308.79,6014.34,3.8,2025-11-16
MCH-P-000376,SKU-3A0A4F91,haircare,purplle,1789.25,1142.05,4.8,2024-07-31
MCH-P-000377,SKU-9925BCFB,toys_games,tata_cliq,5931.44,4373.19,3.0,2025-12-22
MCH-P-000378,SKU-E5FC507B,haircare,1mg,2405.97,2011.92,4.8,2026-07-18
MCH-P-000379,SKU-A2240260,small_kitchen_appliances,shopclues,9124.59,6600.53,5.0,2024-03-20
MCH-P-000380,SKU-B48DC2DB,skincare,etsy,558.75,360.02,3.2,2025-02-04
MCH-P-000381,SKU-075D9D9D,haircare,pepperfry,1209.45,1019.56,3.3,2024-09-07
MCH-P-000382,SKU-88C1634A,stationery_office,paytm_mall,3862.23,2386.47,4.1,2026-01-01
MCH-P-000383,SKU-D9E6E44A,automotive_accessories,walmart_marketplace,756.63,436.62,3.9,2024-08-02
MCH-P-000384,SKU-A1358191,home_improvement_tools,shopsy,9962.04,5173.52,4.7,2025-06-26
MCH-P-000385,SKU-904A3611,baby_products,etsy,4816.99,4001.96,4.4,2026-06-28
MCH-P-000386,SKU-0C6A7BD1,cameras_accessories,netmeds,52264.17,41984.49,4.7,2026-01-11
MCH-P-000387,SKU-7BDE4EFC,ethnic_wear,purplle,13516.2,10444.57,3.1,2026-01-18
MCH-P-000388,SKU-FE1AC473,womens_apparel,1mg,562.69,470.12,4.1,2025-07-04
MCH-P-000389,SKU-D6B6F69B,winterwear,myntra,5018.24,3345.39,4.1,2024-10-15
MCH-P-000390,SKU-6DD7515A,watches_eyewear,purplle,10315.49,8364.01,3.4,2024-07-26
MCH-P-000391,SKU-C9C04C23,groceries_gourmet,ajio,465.17,390.89,4.8,2025-03-08
MCH-P-000392,SKU-CFD75C93,musical_instruments,snapdeal,20263.03,11331.03,2.7,2025-11-13
MCH-P-000393,SKU-BF6337DF,computer_accessories,meesho,1254.38,1061.75,2.8,2026-04-11
MCH-P-000394,SKU-C359CD9D,cameras_accessories,netmeds,165623.49,116447.24,4.1,2026-05-12
MCH-P-000395,SKU-BA0C91E7,jewellery,own_shopify_store,63918.7,43640.1,3.6,2024-06-17
MCH-P-000396,SKU-092401AC,home_improvement_tools,ajio,6986.02,4636.47,4.5,2026-05-26
MCH-P-000397,SKU-D01AE4C3,toys_games,purplle,1354.38,793.97,3.3,2025-12-10
MCH-P-000398,SKU-4733E02B,sports_fitness,meesho,27504.47,21996.52,4.4,2024-06-18
MCH-P-000399,SKU-DC83C9EA,mens_apparel,shopclues,1967.21,1457.93,3.2,2025-10-30
MCH-P-000400,SKU-043D2BC5,musical_instruments,croma,34345.18,20656.63,4.1,2025-10-02
MCH-P-000401,SKU-D98D6E25,watches_eyewear,nykaa,31289.88,17124.26,4.2,2025-02-09
MCH-P-000402,SKU-9B0DBF4C,bedding_linen,pepperfry,5555.61,2921.83,3.5,2024-10-09
MCH-P-000403,SKU-09297470,watches_eyewear,ebay,11350.91,7427.32,3.1,2026-05-10
MCH-P-000404,SKU-3002318A,garden_outdoor,netmeds,12471.62,8618.26,3.7,2026-06-22
MCH-P-000405,SKU-A9820FBE,fragrances,own_shopify_store,5033.43,4151.52,3.8,2025-05-16
MCH-P-000406,SKU-A01EB801,makeup_cosmetics,flipkart,2447.39,1855.44,3.8,2026-04-11
MCH-P-000407,SKU-0ACF1E37,kitchenware_dining,reliance_digital,9224.6,6205.64,4.9,2025-06-01
MCH-P-000408,SKU-5BA3EC6B,skincare,snapdeal,2307.28,1299.71,2.7,2025-07-19
MCH-P-000409,SKU-142DCD7F,health_wellness,croma,2647.91,2036.86,2.6,2026-07-24
MCH-P-000410,SKU-5193ABE2,garden_outdoor,own_shopify_store,8613.82,4772.05,2.9,2026-04-24
MCH-P-000411,SKU-A682BC23,jewellery,nykaa,32757.91,23734.63,4.4,2025-01-25
MCH-P-000412,SKU-F346D0DB,jewellery,urban_ladder,23221.01,18972.2,4.4,2024-04-24
MCH-P-000413,SKU-A0070C89,makeup_cosmetics,1mg,3995.43,2310.88,3.1,2024-07-15
MCH-P-000414,SKU-ECBABFE1,ethnic_wear,woocommerce_store,6939.61,4884.48,5.0,2024-10-09
MCH-P-000415,SKU-36D6CA70,wearables_smartwatch,limeroad,38702.24,31000.1,3.0,2025-04-22
MCH-P-000416,SKU-5B5D8209,automotive_accessories,nykaa,13283.79,10514.03,3.6,2026-01-10
MCH-P-000417,SKU-39409DDF,womens_apparel,reliance_digital,9854.94,8052.84,3.2,2024-03-19
MCH-P-000418,SKU-DFB60733,toys_games,reliance_digital,2667.99,1845.05,3.8,2026-05-15
MCH-P-000419,SKU-A29F6718,health_wellness,purplle,2508.51,1912.01,3.3,2025-01-17
MCH-P-000420,SKU-51640FD2,innerwear_sleepwear,ebay,448.11,253.65,3.6,2025-04-17
MCH-P-000421,SKU-E417738A,cameras_accessories,ajio,152108.64,105547.18,3.3,2026-01-07
MCH-P-000422,SKU-E195D0D5,mobiles_tablets,jiomart,29018.38,21170.52,2.7,2024-06-09
MCH-P-000423,SKU-700D5CF7,mobiles_tablets,amazon,88513.49,44929.73,2.9,2026-06-07
MCH-P-000424,SKU-A86A183F,sports_fitness,firstcry,24340.95,15958.92,2.7,2024-12-14
MCH-P-000425,SKU-EEA421F6,skincare,croma,4475.85,2255.18,4.8,2024-08-25
MCH-P-000426,SKU-9E3F6A0C,computer_accessories,snapdeal,8332.05,4603.57,4.1,2024-06-04
MCH-P-000427,SKU-65DE9660,large_appliances,etsy,75135.8,62633.35,3.3,2024-11-01
MCH-P-000428,SKU-B848D878,makeup_cosmetics,tata_cliq,1960.69,1227.16,2.6,2024-10-18
MCH-P-000429,SKU-A1C3C741,wearables_smartwatch,nykaa,42972.86,21763.74,4.1,2025-09-21
MCH-P-000430,SKU-9E66F3F4,watches_eyewear,purplle,30636.69,23646.22,4.3,2025-04-26
MCH-P-000431,SKU-24F5BC01,laptops_computers,indiamart,126630.27,90058.45,2.6,2026-04-26
MCH-P-000432,SKU-C6C57EC7,womens_apparel,firstcry,2468.05,1626.97,2.9,2026-03-05
MCH-P-000433,SKU-D2C58B1F,large_appliances,paytm_mall,111676.91,63708.54,2.5,2024-08-06
MCH-P-000434,SKU-05968100,automotive_accessories,amazon,23135.24,19275.71,4.4,2025-05-07
MCH-P-000435,SKU-F8713E12,home_improvement_tools,snapdeal,18127.36,15222.42,2.7,2024-04-01
MCH-P-000436,SKU-888C8BDE,personal_care,paytm_mall,2131.83,1523.92,3.5,2024-04-29
MCH-P-000437,SKU-537888FA,home_decor,1mg,2429.81,1844.03,4.3,2025-03-14
MCH-P-000438,SKU-2CF6CED0,audio_headphones,urban_ladder,34004.29,22625.23,3.3,2024-11-03
MCH-P-000439,SKU-275F3E34,automotive_accessories,woocommerce_store,18367.88,11556.08,3.0,2024-04-02
MCH-P-000440,SKU-B6C7AFBA,small_kitchen_appliances,1mg,11865.56,9847.22,3.0,2025-04-27
MCH-P-000441,SKU-E9E1104B,automotive_accessories,purplle,9547.66,7620.01,4.0,2024-07-07
MCH-P-000442,SKU-BD3405B9,womens_apparel,indiamart,9288.63,5482.73,5.0,2026-05-03
MCH-P-000443,SKU-E592FB45,fragrances,etsy,888.63,654.0,2.7,2026-03-15
MCH-P-000444,SKU-DDFA490C,innerwear_sleepwear,jiomart,1266.44,967.33,3.3,2026-03-24
MCH-P-000445,SKU-EA2363A3,laptops_computers,amazon,137216.9,109081.42,4.9,2024-07-19
MCH-P-000446,SKU-18D86023,watches_eyewear,etsy,32644.14,17646.27,3.7,2025-09-20
MCH-P-000447,SKU-328ADFEB,ethnic_wear,myntra,4240.06,3140.34,3.2,2026-03-23
MCH-P-000448,SKU-74085F0F,laptops_computers,firstcry,47850.08,31312.0,3.8,2024-12-01
MCH-P-000449,SKU-81D59C11,kids_apparel,nykaa,320.8,229.38,4.1,2025-11-23
MCH-P-000450,SKU-F8969CD0,winterwear,tata_cliq,1422.78,718.25,3.6,2025-06-26
MCH-P-000451,SKU-9E16B216,footwear,ebay,9799.32,6195.55,4.0,2025-08-16
MCH-P-000452,SKU-BA030894,fragrances,shopsy,369.31,251.24,3.6,2024-10-04
MCH-P-000453,SKU-E06976CB,garden_outdoor,nykaa,11774.67,9771.11,4.0,2026-04-28
MCH-P-000454,SKU-11349DE1,mobiles_tablets,purplle,115284.84,69134.32,4.1,2024-09-23
MCH-P-000455,SKU-22529295,kids_apparel,shopsy,3927.8,2022.11,3.9,2024-05-07
MCH-P-000456,SKU-2FC8C93C,watches_eyewear,woocommerce_store,7592.29,4689.76,2.5,2026-05-06
MCH-P-000457,SKU-D8413032,audio_headphones,amazon,33753.23,20703.06,4.9,2025-06-26
MCH-P-000458,SKU-8EA706F6,makeup_cosmetics,flipkart,1951.49,1065.17,4.9,2026-01-25
MCH-P-000459,SKU-AE085B4F,industrial_scientific,croma,50554.68,26882.23,4.8,2025-12-05
MCH-P-000460,SKU-5BDCBEE0,jewellery,tata_cliq,50340.32,42280.7,3.8,2024-03-29
MCH-P-000461,SKU-83D1CCB0,garden_outdoor,firstcry,6806.0,4068.77,3.5,2024-07-07
MCH-P-000462,SKU-81AB0475,books_media,snapdeal,1638.63,1379.37,3.3,2026-01-08
MCH-P-000463,SKU-250A0789,computer_accessories,1mg,5998.59,3419.58,3.0,2026-06-27
MCH-P-000464,SKU-26F62D34,bedding_linen,shopsy,5495.73,3254.66,3.4,2025-05-10
MCH-P-000465,SKU-41CC14F5,footwear,meesho,5810.97,3640.31,3.9,2024-11-08
MCH-P-000466,SKU-FFA84C3B,books_media,shopsy,719.32,586.27,2.6,2025-07-16
MCH-P-000467,SKU-B57F4AA1,personal_care,indiamart,352.77,205.83,2.8,2025-05-20
MCH-P-000468,SKU-995D5D42,garden_outdoor,paytm_mall,12132.93,10045.07,4.3,2026-01-09
MCH-P-000469,SKU-77AC445F,jewellery,croma,99282.23,61509.15,3.8,2024-11-11
MCH-P-000470,SKU-5C9CC2EC,small_kitchen_appliances,paytm_mall,13564.15,7626.71,2.5,2025-06-29
MCH-P-000471,SKU-F5C7DA75,cameras_accessories,own_shopify_store,53649.55,27567.61,3.1,2024-05-08
MCH-P-000472,SKU-0F449986,wearables_smartwatch,jiomart,17159.74,8776.92,3.0,2025-09-21
MCH-P-000473,SKU-72DBC1B8,musical_instruments,shopsy,23416.87,14486.91,2.7,2025-08-29
MCH-P-000474,SKU-9C2AFC13,innerwear_sleepwear,netmeds,208.26,118.86,5.0,2025-11-13
MCH-P-000475,SKU-A279BC04,winterwear,own_shopify_store,4785.37,3283.43,4.4,2024-05-08
MCH-P-000476,SKU-8087590C,footwear,walmart_marketplace,9270.94,7374.99,3.6,2025-06-03
MCH-P-000477,SKU-01FCCFDD,wearables_smartwatch,flipkart,48577.33,29533.12,2.7,2024-09-25
MCH-P-000478,SKU-DC254EF8,automotive_accessories,meesho,24857.58,19128.7,4.1,2026-06-23
MCH-P-000479,SKU-60A24AA5,large_appliances,purplle,94260.94,73497.9,4.6,2026-06-25
MCH-P-000480,SKU-73D232CD,furniture,firstcry,8731.88,5209.21,2.6,2024-03-25
MCH-P-000481,SKU-DC42C775,kitchenware_dining,ebay,2724.88,1736.99,4.7,2025-06-30
MCH-P-000482,SKU-92EAC602,watches_eyewear,firstcry,13735.22,11164.13,3.3,2024-05-18
MCH-P-000483,SKU-ACD3C7A5,garden_outdoor,limeroad,6352.91,3748.73,2.9,2025-05-13
MCH-P-000484,SKU-F59206FE,haircare,firstcry,1119.95,781.75,4.6,2025-04-01
MCH-P-000485,SKU-12FBA4A1,groceries_gourmet,urban_ladder,2910.8,2254.86,4.6,2025-12-13
MCH-P-000486,SKU-2C080048,groceries_gourmet,ajio,468.35,320.47,4.5,2025-03-26
MCH-P-000487,SKU-674D427D,footwear,own_shopify_store,3455.28,2851.85,3.9,2025-03-03
MCH-P-000488,SKU-E49B7493,wearables_smartwatch,paytm_mall,43541.11,22667.37,4.5,2025-10-04
MCH-P-000489,SKU-1351A901,mobiles_tablets,flipkart,78299.23,46235.3,2.8,2026-05-27
MCH-P-000490,SKU-53E714F2,kitchenware_dining,snapdeal,9376.75,7624.75,3.3,2025-12-11
MCH-P-000491,SKU-D14A5819,wearables_smartwatch,pepperfry,43365.4,28401.28,2.8,2025-02-28
MCH-P-000492,SKU-010B5F24,small_kitchen_appliances,etsy,24994.25,16480.54,3.7,2025-10-24
MCH-P-000493,SKU-21E7BCA9,baby_products,reliance_digital,1143.42,617.34,4.9,2024-05-13
MCH-P-000494,SKU-034A27CE,automotive_accessories,pepperfry,7970.04,4975.76,3.5,2024-12-07
MCH-P-000495,SKU-59BB9D33,footwear,pepperfry,10821.05,6369.89,2.7,2026-02-09
MCH-P-000496,SKU-EC7FC99C,home_improvement_tools,shopsy,870.19,634.2,4.1,2026-04-26
MCH-P-000497,SKU-7A8FAD69,watches_eyewear,limeroad,47507.56,36199.81,2.8,2026-05-04
MCH-P-000498,SKU-F3479BEA,stationery_office,croma,1634.12,1027.73,3.2,2024-06-28
MCH-P-000499,SKU-8438ABB6,sports_fitness,shopclues,14880.73,8766.12,3.0,2026-06-02
MCH-P-000500,SKU-3762FE2D,bags_luggage,limeroad,5458.62,3927.11,3.4,2025-10-11
